{
  "model": "LSTMAttentionChatbot",
  "vocab_size": 265,
  "num_classes": 12,
  "test_accuracy": 0.9457364341085271,
  "test_f1_weighted": 0.9448387529782879,
  "best_val_accuracy": 0.8984375,
  "epochs_trained": 58
}